sample-id,absolute-filepath,direction
sample-1,/home/qiime2/Desktop/metatax/A1_1_TACGCTGCACTGCATA_L001_R1_001_000000000-ATV4Y.filt.fastq,forward
sample-2,/home/qiime2/Desktop/metatax/A1_2_ATGCGCAGACTGCATA_L001_R1_001_000000000-ATV4Y.filt.fastq,forward
sample-3,/home/qiime2/Desktop/metatax/A1_3_TAGCGCTCACTGCATA_L001_R1_001_000000000-ATV4Y.filt.fastq,forward
sample-4,/home/qiime2/Desktop/metatax/A1_4_ACTGAGCGACTGCATA_L001_R1_001_000000000-ATV4Y.filt.fastq,forward
sample-5,/home/qiime2/Desktop/metatax/M5_1_TACGCTGCTATCCTCT_L001_R1_001_000000000-ATV4Y.filt.fastq,forward
sample-6,/home/qiime2/Desktop/metatax/M5_2_ATGCGCAGTATCCTCT_L001_R1_001_000000000-ATV4Y.filt.fastq,forward
sample-7,/home/qiime2/Desktop/metatax/M5_3_TAGCGCTCTATCCTCT_L001_R1_001_000000000-ATV4Y.filt.fastq,forward
sample-8,/home/qiime2/Desktop/metatax/M5_4_ACTGAGCGTATCCTCT_L001_R1_001_000000000-ATV4Y.filt.fastq,forward
sample-9,/home/qiime2/Desktop/metatax/S_1_ACTCGCTAAAGGAGTA_L001_R1_001_000000000-ATV4Y.filt.fastq,forward
sample-10,/home/qiime2/Desktop/metatax/S_2_GGAGCTACAAGGAGTA_L001_R1_001_000000000-ATV4Y.filt.fastq,forward
sample-11,/home/qiime2/Desktop/metatax/S_3_GCGTAGTAAAGGAGTA_L001_R1_001_000000000-ATV4Y.filt.fastq,forward
sample-12,/home/qiime2/Desktop/metatax/S_4_CGGAGCCTAAGGAGTA_L001_R1_001_000000000-ATV4Y.filt.fastq,forward
sample-1,/home/qiime2/Desktop/metatax/A1_1_TACGCTGCACTGCATA_L001_R2_001_000000000-ATV4Y.filt.fastq,reverse
sample-2,/home/qiime2/Desktop/metatax/A1_2_ATGCGCAGACTGCATA_L001_R2_001_000000000-ATV4Y.filt.fastq,reverse
sample-3,/home/qiime2/Desktop/metatax/A1_3_TAGCGCTCACTGCATA_L001_R2_001_000000000-ATV4Y.filt.fastq,reverse
sample-4,/home/qiime2/Desktop/metatax/A1_4_ACTGAGCGACTGCATA_L001_R2_001_000000000-ATV4Y.filt.fastq,reverse
sample-5,/home/qiime2/Desktop/metatax/M5_1_TACGCTGCTATCCTCT_L001_R2_001_000000000-ATV4Y.filt.fastq,reverse
sample-6,/home/qiime2/Desktop/metatax/M5_2_ATGCGCAGTATCCTCT_L001_R2_001_000000000-ATV4Y.filt.fastq,reverse
sample-7,/home/qiime2/Desktop/metatax/M5_3_TAGCGCTCTATCCTCT_L001_R2_001_000000000-ATV4Y.filt.fastq,reverse
sample-8,/home/qiime2/Desktop/metatax/M5_4_ACTGAGCGTATCCTCT_L001_R2_001_000000000-ATV4Y.filt.fastq,reverse
sample-9,/home/qiime2/Desktop/metatax/S_1_ACTCGCTAAAGGAGTA_L001_R2_001_000000000-ATV4Y.filt.fastq,reverse
sample-10,/home/qiime2/Desktop/metatax/S_2_GGAGCTACAAGGAGTA_L001_R2_001_000000000-ATV4Y.filt.fastq,reverse
sample-11,/home/qiime2/Desktop/metatax/S_3_GCGTAGTAAAGGAGTA_L001_R2_001_000000000-ATV4Y.filt.fastq,reverse
sample-12,/home/qiime2/Desktop/metatax/S_4_CGGAGCCTAAGGAGTA_L001_R2_001_000000000-ATV4Y.filt.fastq,reverse
